Nombre,Annee,Episode,Titre,Artiste,Sexe,Generation,Taille,Compagnie,Type,Groupe
1,2014,1,War of hormones,BTS,Gars,3,Groupe,BigHit Entertainment,B-side,
2,2017,1,Hellevator,Stray Kids,Gars,4,Groupe,JYP Entertainment,Pre-debut,
3,2018,1,Latata,I-dle,Fille,4,Groupe,CUBE Entertainment,Debut,
4,2016,1,Monster,Exo,Gars,3,Groupe,SM Entertainment,Main Track,
5,2023,1,Crazy form,Ateez,Gars,4,Groupe,KQ Entertainment,B-side,
6,2018,1,Solo,Jennie,Fille,3,Solo,YG Entertainment,Single,BlackPink
7,2017,1,Beautiful,Wanna one,Gars,3,Groupe,YMC Entertainment,Main Track,
8,2021,1,Red lights,Bang Chan & Hyunjin,Gars,4,Duo,JYP Entertainment,B-side,Stray Kids
9,2020,1,Scream,Dreamcatcher,Fille,3,Groupe,Dreamcatcher Company,Main Track,
10,2016,1,Save me,BTS,Gars,3,Groupe,BigHit Entertainment,Main Track,
11,2023,1,Fact check,NCT 127,Gars,4,Groupe,SM Entertainment,Main Track,NCT
12,2018,1,Ddu-du-ddu-du,BlackPink,Fille,3,Groupe,YG Entertainment,Main Track,
13,2016,1,Agust D,Agust D,Gars,3,Solo,BigHit Entertainment,Single,BTS
14,2021,1,Loser=Lover,TXT,Gars,4,Groupe,BigHit Entertainment,Main Track,
15,2020,1,Maria,Hwa Sa,Fille,3,Solo,RBW,Main Track,Mamamoo
16,2015,1,Run,BTS,Gars,3,Groupe,BigHit Entertainment,Main Track,
17,2021,1,Loco,Itzy,Fille,4,Groupe,JYP Entertainment,Main Track,
18,2021,1,Fever,Enhypen,Gars,4,Groupe,Belift Lab,B-side,
19,2019,1,Miroh,Stray Kids,Gars,4,Groupe,JYP Entertainment,Main Track,
20,2023,1,One spark,Twice,Fille,3,Groupe,JYP Entertainment,Single,
21,2021,1,Rock with you,Seventeen,Gars,3,Groupe,Pledis Entertainment,Main Track,
22,2022,1,That that,Psy & Suga,Gars,2,Duo,/Null/,Single,Psy
23,2012,2,Fantastic baby,BigBang,Gars,2,Groupe,YG Entertainment,Main Track,
24,2023,2,Drama,Aespa,Fille,4,Groupe,SM Entertainment,Main Track,
25,2023,2,Super,Seventeen,Gars,3,Groupe,Pledis Entertainment,Main Track,
26,2023,2,Maniac,Stray Kids,Gars,4,Groupe,JYP Entertainment,Main Track,
27,2022,2,Antifragile,Le Sserafim,Fille,4,Groupe,Source Music,Main Track,
28,2013,2,N.O,BTS,Gars,3,Groupe,BigHit Entertainment,Main Track,
29,2023,2,Seven,Jung Kook,Gars,3,Solo,BigHit Entertainment,Single,BTS
30,2020,2,How you like that,BlackPink,Fille,3,Groupe,YG Entertainment,Main Track,
31,2018,2,District 9,Stray Kids,Gars,4,Groupe,JYP Entertainment,Debut,
32,2018,2,Love shot,Exo,Gars,3,Groupe,SM Entertainment,Main Track,
33,2023,2,Soñar,Nmixx,Fille,4,Groupe,JYP Entertainment,Single,
34,2020,2,Inception,Ateez,Gars,4,Groupe,KQ Entertainment,Main Track,
35,2023,2,Sweet venom,Enhypen,Gars,4,Groupe,Belift Lab,Main Track,
36,2021,2,Lalisa,Lisa,Fille,3,Solo,YG Entertainment,Single,BlackPink
37,2021,2,Thunderous,Stray Kids,Gars,4,Groupe,JYP Entertainment,Main Track,
38,2023,2,You & Me,Jennie,Fille,3,Solo,YG Entertainment,Single,BlackPink
39,2018,2,Idol,BTS,Gars,3,Groupe,BigHit Entertainment,Main Track,
40,2020,2,Boca,Dreamcatcher,Fille,3,Groupe,Dreamcatcher Company,Main Track,
41,2023,2,Back for more,TXT,Gars,4,Groupe,BigHit Entertainment,Single,
42,2023,2,Set me free,Jimin,Gars,3,Solo,BigHit Entertainment,Single,BTS
43,2023,2,I am,Ive,Fille,4,Groupe,Starship Entertainment,Main Track,
44,2017,2,Not today,BTS,Gars,3,Groupe,BigHit Entertainment,Main Track,
45,2018,3,Love scenario,iKon,Gars,2,Groupe,YG Entertainment,Main Track,
46,2020,3,Black mamba,Aespa,Fille,4,Groupe,SM Entertainment,Debut,
47,2023,3,The sound,Stray Kids,Gars,4,Groupe,JYP Entertainment,Main Track,
48,2023,3,Born to be,Itzy,Fille,4,Groupe,JYP Entertainment,Main Track,
49,2023,3,Move,T5,Gars,4,Groupe,YG Entertainment,Single,Treasure
50,2023,3,Batter up,BabyMonster,Fille,5,Groupe,YG Entertainment,Debut,
51,2015,3,If you do,Got7,Gars,3,Groupe,JYP Entertainment,Main Track,
52,2020,3,Stay gold,BTS,Gars,3,Groupe,BigHit Entertainment,Main Track,
53,2021,3,Money,Lisa,Fille,3,Solo,YG Entertainment,Single,BlackPink
54,2022,3,Good boy gone bad,TXT,Gars,4,Groupe,BigHit Entertainment,Main Track,
55,2023,3,Megaverse,Stray Kids,Gars,4,Groupe,JYP Entertainment,B-side,
56,2023,3,Flower,Jisoo,Fille,3,Solo,YG Entertainment,Single,BlackPink
57,2016,3,Fire,BTS,Gars,3,Groupe,BigHit Entertainment,Main Track,
58,2023,3,Standing next to you,Jung Kook,Gars,3,Solo,BigHit Entertainment,Single,BTS
59,2020,3,Dun dun,Everglow,Fille,4,Groupe,Yuehua Entertainment,Main Track,
60,2023,3,Fighting,BSS,Gars,3,Groupe,Pledis Entertainment,Main Track,Seventeen
61,2010,3,Run devil run,Girls' Generation,Fille,2,Groupe,SM Entertainment,Main Track,
62,2017,3,MIC drop,BTS,Gars,3,Groupe,BigHit Entertainment,Main Track,
63,2023,3,Bouncy,Ateez,Gars,4,Groupe,KQ Entertainment,Main Track,
64,2022,3,Pink venom,BlackPink,Fille,3,Groupe,YG Entertainment,Main Track,
65,2020,3,Back door,Stray Kids,Gars,4,Groupe,JYP Entertainment,Main Track,
66,2021,3,Drunk-Dazed,Enhypen,Gars,4,Groupe,Belift Lab,Main Track,
67,2020,4,Odd eye,Dreamcatcher,Fille,3,Groupe,Dreamcatcher Company,Main Track,
68,2021,4,Butter,BTS,Gars,3,Groupe,BigHit Entertainment,Single,
69,2023,4,3D,Jung Kook,Gars,3,Solo,BigHit Entertainment,Single,BTS
70,2019,4,Kill this love,BlackPink,Fille,3,Groupe,YG Entertainment,Main Track,
71,2023,4,Social path,Stray Kids & LiSA,Mixte,4,Groupe,/Null/,Main Track,Stray Kids
72,2023,4,Rover,Kai,Gars,3,Solo,SM Entertainment,Single,EXO
73,2024,4,Magnetic,Illit,Fille,4,Groupe,BELIFT LAB,Debut,
74,2015,4,Bang bang bang,BigBang,Gars,2,Groupe,YG Entertainment,Main Track,
75,2023,4,Chasing that feeling,TXT,Gars,4,Groupe,BigHit Entertainment,Main Track,
76,2024,4,Supernova,Aespa,Fille,4,Groupe,SM Entertainment,Main Track,
77,2015,4,I need U,BTS,Gars,3,Groupe,BigHit Entertainment,Main Track,
78,2023,4,Super lady,I-dle,Fille,4,Groupe,CUBE Entertainment,Main Track,
79,2023,4,Topline,Stray Kids,Gars,4,Groupe,JYP Entertainment,B-side,
80,2019,4,Wonderland,Ateez,Gars,4,Groupe,KQ Entertainment,Main Track,
81,2024,4,Smart,Le Sserafim,Fille,4,Groupe,Source Music,B-side,
82,2018,4,Way back home,Shaun,Gars,3,Solo,AOMG,Single,
83,2021,4,Jikjin,Treasure,Gars,4,Groupe,YG Entertainment,Main Track,
84,2024,4,Abcd,Nayeon,Fille,3,Solo,JYP Entertainment,Single,Twice
85,2019,4,On,BTS,Gars,3,Groupe,BigHit Entertainment,Main Track,
86,2024,4,Maestro,Seventeen,Gars,3,Groupe,Pledis Entertainment,Main Track,
87,2024,4,Rockstar,Lisa,Fille,3,Solo,YG Entertainment,Single,BlackPink
88,2023,4,Lalalala,Stray Kids,Gars,4,Groupe,JYP Entertainment,Main Track,
89,2011,5,I am the best,2NE1,Fille,2,Groupe,YG Entertainment,Main Track,
90,2017,5,Dramarama,Monsta X,Gars,3,Groupe,Starship Entertainment,Main Track,
91,2023,5,Like crazy,Jimin,Gars,3,Solo,BigHit Entertainment,Single,BTS
92,2018,5,What is love?,Twice,Fille,3,Groupe,JYP Entertainment,Main Track,
93,2020,5,God's menu,Stray Kids,Gars,4,Groupe,JYP Entertainment,Main Track,
94,2024,5,Plot twist,TWS,Gars,5,Groupe,Pledis Entertainment,Debut,
95,2023,5,Queencard,I-dle,Fille,4,Groupe,CUBE Entertainment,Main Track,
96,2017,5,Spring day,BTS,Gars,3,Groupe,BigHit Entertainment,Main Track,
97,2022,5,Hot,Seventeen,Gars,3,Groupe,Pledis Entertainment,Main Track,
98,2023,5,Eta,NewJeans,Fille,4,Groupe,ADOR,Main Track,
99,2024,5,Lose my breath,Stray Kids,Gars,4,Groupe,JYP Entertainment,Main Track,
100,2023,5,Bona bona,Treasure,Gars,4,Groupe,YG Entertainment,Main Track,
101,2016,5,Colors,Stella Jang,Fille,3,Solo,Schnauzer Boulangerie,Single,
102,2014,5,Danger,BTS,Gars,3,Groupe,BigHit Entertainment,Main Track,
103,2023,5,ISTJ,NCT Dream,Gars,4,Groupe,SM Entertainment,Main Track,NCT
104,2019,5,Psycho,Red Velvet,Fille,3,Groupe,SM Entertainment,Main Track,
105,2021,5,0X1=Lovesong,TXT & Seori,Mixte,4,Groupe,/Null/,Main Track,TXT
106,2021,5,Deja vu,Ateez,Gars,4,Groupe,KQ Entertainment,Main Track,
107,2023,5,Sheesh,BabyMonster,Fille,5,Groupe,YG Entertainment,Main Track,
108,2021,5,Permission to dance,BTS,Gars,3,Groupe,BigHit Entertainment,Single,
109,2024,5,Stray Kids,Stray Kids,Gars,4,Groupe,JYP Entertainment,B-side,
110,2022,5,Shut down,BlackPink,Fille,3,Groupe,YG Entertainment,Main Track,
111,2023,6,Get a guitar,Riize,Gars,5,Groupe,SM Entertainment,Debut,
112,2018,6,Fake love,BTS,Gars,3,Groupe,BigHit Entertainment,Main Track,
113,2016,6,Boombayah,BlackPink,Fille,3,Groupe,YG Entertainment,Debut,
114,2024,6,Jjam,Stray Kids,Gars,4,Groupe,JYP Entertainment,B-side,
115,2023,6,Super shy,NewJeans,Fille,4,Groupe,ADOR,Main Track,
116,2023,6,Bite me,Enhypen,Gars,4,Groupe,Belift Lab,Main Track,
117,2016,6,Hard carry,Got7,Gars,3,Groupe,JYP Entertainment,Main Track,
118,2022,6,Bibi vengeance,Bibi,Fille,4,Solo,88rising,Single,
119,2023,6,Sugar rush ride,TXT,Gars,4,Groupe,BigHit Entertainment,Main Track,
120,2020,6,Dynamite,BTS,Gars,3,Groupe,BigHit Entertainment,Single,
121,2018,6,Bboom bboom,Momoland,Fille,3,Groupe,MLD Entertainment,Main Track,
122,2023,6,Killin'it,P1Harmony,Gars,4,Groupe,FNC Entertainment,Debut,
123,2024,6,Untouchable,Itzy,Fille,4,Groupe,JYP Entertainment,Main Track,
124,2024,6,Mountains,Stray Kids,Gars,4,Groupe,JYP Entertainment,B-side,
125,2022,6,Halazia,Ateez,Gars,4,Groupe,KQ Entertainment,Main Track,
126,2023,6,Bad news,Kiss of life,Fille,5,Groupe,S2 Entertainment,Main Track,
127,2020,6,Life goes on,BTS,Gars,3,Groupe,BigHit Entertainment,Main Track,
128,2020,6,Left & Right,Seventeen,Gars,3,Groupe,Pledis Entertainment,Main Track,
129,2020,6,I can't stop me,Twice,Fille,3,Groupe,JYP Entertainment,Main Track,
130,2017,6,Really really,Winner,Gars,3,Groupe,YG Entertainment,Main Track,
131,2023,6,Heya,Ive,Fille,4,Groupe,Starship Entertainment,Main Track,
132,2024,6,Chk chk boom,Stray Kids,Gars,4,Groupe,JYP Entertainment,Main Track,
133,2023,7,OMG,NewJeans,Fille,4,Groupe,ADOR,Main Track,
134,2015,7,Just right,Got7,Gars,3,Groupe,JYP Entertainment,Main Track,
135,2018,7,My pace,Stray Kids,Gars,4,Groupe,JYP Entertainment,Main Track,
136,2024,7,Armageddon,Aespa,Fille,4,Groupe,SM Entertainment,Main Track,
137,2013,7,No more dream,BTS,Gars,3,Groupe,BigHit Entertainment,Debut,
138,2019,7,Run away,TXT,Gars,4,Groupe,BigHit Entertainment,Main Track,
139,2022,7,Love dive,Ive,Fille,4,Groupe,Starship Entertainment,Main Track,
140,2016,7,Very nice,Seventeen,Gars,3,Groupe,Pledis Entertainment,Main Track,
141,2019,7,Hip,Mamamoo,Fille,2,Groupe,RBW,Main Track,
142,2024,7,Work,Ateez,Gars,4,Groupe,KQ Entertainment,Main Track,
143,2018,7,Anpanman,BTS,Gars,3,Groupe,BigHit Entertainment,B-side,
144,2017,7,As if it's your last,BlackPink,Fille,3,Groupe,YG Entertainment,Single,
145,2021,7,Domino,Stray Kids,Gars,4,Groupe,JYP Entertainment,B-side,
146,2024,7,Forever,BabyMonster,Fille,5,Groupe,YG Entertainment,Main Track,
147,2024,7,XO,Enhypen,Gars,4,Groupe,Belift Lab,B-side,
148,2013,7,One shot,B.A.P,Gars,2,Groupe,TS Entertainment,Main Track,
149,2020,7,Wannabe,Itzy,Fille,4,Groupe,JYP Entertainment,Main Track,
150,2022,7,Darari,Treasure,Gars,4,Groupe,YG Entertainment,B-side,
151,2023,7,S-Class,Stray Kids,Gars,4,Groupe,JYP Entertainment,Main Track,
152,2012,7,Electric shock,f(x),Fille,2,Groupe,SM Entertainment,Main Track,
153,2019,7,Boy with luv,BTS & Halsey,Mixte,3,Groupe,/Null/,Main Track,BTS
154,2020,7,La di da,Everglow,Fille,4,Groupe,Yuehua Entertainment,Main Track,
155,2012,8,Gangnam style,Psy,Gars,2,Solo,YG Entertainment,Main Track,
156,2021,8,Christmas EveL,Stray Kids,Gars,4,Groupe,JYP Entertainment,Single,
157,2019,8,Fancy,Twice,Fille,3,Groupe,JYP Entertainment,Main Track,
158,2016,8,Blood sweat & tears,BTS,Gars,3,Groupe,BigHit Entertainment,Main Track,
159,2022,8,Hello,Treasure,Gars,4,Groupe,YG Entertainment,Main Track,
160,2020,8,Pretty Savage,BlackPink,Fille,3,Groupe,YG Entertainment,B-side,
161,2019,8,Crown,TXT,Gars,4,Groupe,BigHit Entertainment,Debut,
162,2009,8,Ring ding dong,SHINee,Gars,2,Groupe,SM Entertainment,Main Track,
163,2024,8,Crazy,Le Sserafim,Fille,4,Groupe,Source Music,Main Track,
164,2022,8,Run BTS,BTS,Gars,3,Groupe,BigHit Entertainment,Main Track,
165,2019,8,Zimzalabim,Red Velvet,Fille,3,Groupe,SM Entertainment,Main Track,
166,2019,8,Double knot,Stray Kids,Gars,4,Groupe,JYP Entertainment,Main Track,
167,2022,8,Guerrilla,Ateez,Gars,4,Groupe,KQ Entertainment,Main Track,
168,2021,8,Next level,Aespa,Fille,4,Groupe,SM Entertainment,Main Track,
169,2018,8,Boss,NCT U,Gars,4,Groupe,SM Entertainment,Main Track,NCT
170,2014,8,Mamacita,Super Junior,Gars,2,Groupe,SM Entertainment,Main Track,
171,2020,8,Panorama,Iz*one,Fille,4,Groupe,Off The Record Entertainment,Main Track,
172,2021,8,My universe,BTS & Coldplay,Gars,3,Groupe,/Null/,Main Track,BTS
173,2023,8,God of music,Seventeen,Gars,3,Groupe,Pledis Entertainment,Main Track,
174,2022,8,Hype boy,NewJeans,Fille,4,Groupe,ADOR,Main Track,
175,2022,8,Case 143,Stray Kids,Gars,4,Groupe,JYP Entertainment,Main Track,
176,2022,8,Polaroid love,Enhypen,Gars,4,Groupe,Belift Lab,B-side,
177,2024,9,Deja vu,TXT,Gars,4,Groupe,BigHit Entertainment,Main Track,
178,2020,9,Oh my god,I-dle,Fille,4,Groupe,CUBE Entertainment,Main Track,
179,2022,9,Charmer,Stray Kids,Gars,4,Groupe,JYP Entertainment,B-side,
180,2018,9,Shine,Pentagon,Gars,3,Groupe,CUBE Entertainment,Main Track,
181,2020,9,Lovesick girls,BlackPink,Fille,3,Groupe,YG Entertainment,Main Track,
182,2014,9,Boy in luv,BTS,Gars,3,Groupe,BigHit Entertainment,Main Track,
183,2022,9,O.O,Nmixx,Fille,4,Groupe,JYP Entertainment,Debut,
184,2015,9,Young. wild & free,B.A.P,Gars,2,Groupe,TS Entertainment,Main Track,
185,2022,9,Venom,Stray Kids,Gars,4,Groupe,JYP Entertainment,B-side,
186,2022,9,Ditto,NewJeans,Fille,4,Groupe,ADOR,Main Track,
187,2020,9,Given-Taken,Enhypen,Gars,4,Groupe,Belift Lab,Debut,
188,2020,9,Black swan,BTS,Gars,3,Groupe,BigHit Entertainment,Main Track,
189,2019,9,I'm so hot,Momoland,Fille,3,Groupe,MLD Entertainment,Main Track,
190,2017,9,Don't Wanna Cry,Seventeen,Gars,3,Groupe,Pledis Entertainment,Main Track,
191,2017,9,Red flavor,Red Velvet,Fille,3,Groupe,SM Entertainment,Main Track,
192,2024,9,I like it,Stray Kids,Gars,4,Groupe,JYP Entertainment,B-side,
193,2019,9,You calling my name,Got7,Gars,3,Groupe,JYP Entertainment,Main Track,
194,2022,9,After like,Ive,Fille,4,Groupe,Starship Entertainment,Main Track,
195,2019,9,Dionysus,BTS,Gars,3,Groupe,BigHit Entertainment,B-side,
196,2024,9,Easy,Le Sserafim,Fille,4,Groupe,Source Music,Main Track,
197,2019,9,Say my name,Ateez,Gars,4,Groupe,KQ Entertainment,Main Track,
198,2009,9,Sorry sorry,Super Junior,Gars,2,Groupe,SM Entertainment,Main Track,
199,2023,10,Cupid,Fifty fifty,Fille,4,Groupe,AAP Entertainment,Main Track,
200,2023,10,Get lit,Stray Kids,Gars,4,Groupe,JYP Entertainment,Main Track,
201,2019,10,Gogobebe,Mamamoo,Fille,2,Groupe,RBW,Main Track,
202,2018,10,Jump,BTS,Gars,3,Groupe,BigHit Entertainment,Main Track,
203,2022,10,Wa da da,Kep1er,Fille,4,Groupe,Wake One Entertainment,Debut,
204,2024,10,Earth. Wind & Fire,BoyNextDoor,Gars,5,Groupe,KOZ Entertainment,Debut,
205,2020,10,Blue hour,TXT,Gars,4,Groupe,BigHit Entertainment,Main Track,
206,2011,10,The boys,Girls' Generation,Fille,2,Groupe,SM Entertainment,Main Track,
207,2020,10,The black cat Nero,Ateez,Gars,4,Groupe,KQ Entertainment,B-side,
208,2021,10,Cheese,Stray Kids,Gars,4,Groupe,JYP Entertainment,B-side,
209,2021,10,Eleven,Ive,Fille,4,Groupe,Starship Entertainment,Debut,
210,2013,10,We are bulletproof,BTS,Gars,3,Groupe,BigHit Entertainment,B-side,
211,2018,10,Lullaby,Got7,Gars,3,Groupe,JYP Entertainment,B-side,
212,2019,10,Bon bon chocolat,Everglow,Fille,4,Groupe,Yuehua Entertainment,Debut,
213,2024,10,Who,Jimin,Gars,3,Solo,BigHit Entertainment,Single,BTS
214,2019,10,Dalla dalla,Itzy,Fille,4,Groupe,JYP Entertainment,Debut,
215,2022,10,Cheers,SVT Leaders,Gars,3,Groupe,Pledis Entertainment,B-side,Seventeen
216,2022,10,Circus,Stray Kids,Gars,4,Groupe,JYP Entertainment,B-side,
217,2016,10,Playing with fire,BlackPink,Fille,3,Groupe,YG Entertainment,Main Track,
218,2017,10,DNA,BTS,Gars,3,Groupe,BigHit Entertainment,Main Track,
219,2022,10,Girls,Aespa,Fille,4,Groupe,SM Entertainment,B-side,
220,2020,10,I love you,Treasure,Gars,4,Groupe,YG Entertainment,B-side,
221,2019,11,Make it right,BTS,Gars,3,Groupe,BigHit Entertainment,B-side,
222,2024,11,Midas touch,Kiss of life,Fille,5,Groupe,S2 Entertainment,Main Track,
223,2019,11,Chicken noodle soup,J-Hope,Gars,3,Solo,BigHit Entertainment,Single,BTS
224,2024,11,Boom boom bass,Riize,Gars,5,Groupe,SM Entertainment,Main Track,
225,2018,11,Forever young,BlackPink,Fille,3,Groupe,YG Entertainment,B-side,
226,2020,11,Can't you see me?,TXT,Gars,4,Groupe,BigHit Entertainment,B-side,
227,2015,11,Dope,BTS,Gars,3,Groupe,BigHit Entertainment,Main Track,
228,2023,11,Baddie,Ive,Fille,4,Groupe,Starship Entertainment,Single,
229,2019,11,Levanter,Stray Kids,Gars,4,Groupe,JYP Entertainment,B-side,
230,2020,11,Answer,Ateez,Gars,4,Groupe,KQ Entertainment,Main Track,
231,2011,11,Be my baby,Wonder Girls,Fille,2,Groupe,JYP Entertainment,Main Track,
232,2024,11,King kong,Treasure,Gars,4,Groupe,YG Entertainment,Single,
233,2020,11,Kick it,NCT 127,Gars,4,Groupe,SM Entertainment,Main Track,NCT
234,2023,11,Perfect night,Le Sserafim,Fille,4,Groupe,Source Music,Single,
235,2024,11,Slash,Stray Kids,Gars,4,Groupe,JYP Entertainment,OST/Opening/Ending,
236,2018,11,Boomerang,Wanna one,Gars,3,Groupe,YMC Entertainment,Main Track,
237,2023,11,Spicy,Aespa,Fille,4,Groupe,SM Entertainment,Main Track,
238,2017,11,Clap,Seventeen,Gars,3,Groupe,Pledis Entertainment,Main Track,
239,2018,11,Go go,BTS,Gars,3,Groupe,BigHit Entertainment,B-side,
240,2024,11,Like that,BabyMonster,Fille,5,Groupe,YG Entertainment,B-side,
241,2019,11,Side Effects,Stray Kids,Gars,4,Groupe,JYP Entertainment,Single,
242,2013,11,Gentleman,Psy,Gars,2,Solo,YG Entertainment,Main Track,
243,2015,12,Loser,BigBang,Gars,2,Groupe,YG Entertainment,B-side,
244,2017,12,Likey,Twice,Fille,3,Groupe,JYP Entertainment,Main Track,
245,2020,12,Horizon,Ateez,Gars,4,Groupe,KQ Entertainment,B-side,
246,2018,12,Airplane,BTS,Gars,3,Groupe,BigHit Entertainment,B-side,
247,2017,12,Gashina,Sunmi,Fille,2,Solo,Makeus Entertainment,Single,
248,2020,12,Puma,TXT,Gars,4,Groupe,BigHit Entertainment,B-side,
249,2019,12,Victory song,Stray Kids,Gars,4,Groupe,JYP Entertainment,B-side,
250,2023,12,Slay,Everglow,Fille,4,Groupe,Yuehua Entertainment,Main Track,
251,2019,12,Congratulations,Eric Nam,Gars,3,Solo,CJeS Entertainment,Single,
252,2023,12,Unforgiven,Le Sserafim,Fille,4,Groupe,Source Music,Main Track,
253,2019,12,Movie star,CIX,Gars,4,Groupe,C9 Entertainment,Main Track,
254,2012,12,Face,Nu'est,Gars,2,Groupe,Pledis Entertainment,Main Track,
255,2024,12,Badvillain,Badvillain,Fille,5,Groupe,BPM,Debut,
256,2022,12,For youth,BTS,Gars,3,Groupe,BigHit Entertainment,B-side,
257,2021,12,Hwaa,I-dle,Fille,4,Groupe,CUBE Entertainment,Main Track,
258,2017,12,Change up,SVT Leaders,Gars,3,Groupe,Pledis Entertainment,B-side,Seventeen
259,2021,12,Hot sauce,NCT Dream,Gars,4,Groupe,SM Entertainment,Main Track,NCT
260,2023,12,The Girls,BlackPink,Fille,3,Groupe,YG Entertainment,Single,
261,2020,12,Reveal,The Boyz,Gars,4,Groupe,Cre.ker Entertainment,Main Track,
262,2020,12,Insomnia,Stray Kids,Gars,4,Groupe,JYP Entertainment,B-side,
263,2021,12,On the Ground,Rosé,Fille,3,Solo,YG Entertainment,Single,BlackPink
264,2023,12,Jump,P1Harmony,Gars,4,Groupe,FNC Entertainment,Main Track,
265,2022,13,_World,Seventeen,Gars,3,Groupe,Pledis Entertainment,Main Track,
266,2017,13,Black suit,Super Junior,Gars,2,Groupe,SM Entertainment,Main Track,
267,2021,13,Asap,StayC,Fille,4,Groupe,High Up Entertainment,Main Track,
268,2020,13,Dr.Bebe,Pentagon,Gars,3,Groupe,CUBE Entertainment,Main Track,
269,2022,13,Talk that talk,Twice,Fille,3,Groupe,JYP Entertainment,Main Track,
270,2018,13,Shoot me,Day6,Gars,3,Groupe,JYP Entertainment,Main Track,
271,2019,13,Wave,Ateez,Gars,4,Groupe,KQ Entertainment,Main Track,
272,2023,13,Fast forward,Jeon somi,Fille,3,Solo,The Black Label,Main Track,
273,2020,13,Good guy,SF9,Gars,3,Groupe,FNC Entertainment,Main Track,
274,2016,13,Why so lonely,Wonder Girls,Fille,2,Groupe,JYP Entertainment,Main Track,
275,2015,13,View,SHINee,Gars,2,Groupe,SM Entertainment,Main Track,
276,2021,13,Freeze,Stray Kids,Gars,4,Groupe,JYP Entertainment,B-side,
277,2024,13,Accendio,Ive,Fille,4,Groupe,Starship Entertainment,Main Track,
278,2022,13,Yet to come,BTS,Gars,3,Groupe,BigHit Entertainment,Main Track,
279,2020,13,Oh Really,N.Flying,Gars,2,Groupe,FNC Entertainment,Main Track,
280,2016,13,Whistle,BlackPink,Fille,3,Groupe,YG Entertainment,Main Track,
281,2019,13,Cat & dog,TXT,Gars,4,Groupe,BigHit Entertainment,B-side,
282,2020,13,Come back home,Oneus,Gars,4,Groupe,RBW,Single,
283,2018,13,La vie en rose,Iz*one,Fille,4,Groupe,Off The Record Entertainment,Debut,
284,2023,13,In bloom,Zerobaseone,Gars,5,Groupe,WAKEONE,Debut,
285,2023,13,Hate Rodrigo,Yena & Yuqi,Fille,4,Duo,/Null/,Single,
286,2019,13,Astronaut,Stray Kids,Gars,4,Groupe,JYP Entertainment,B-side,
287,2024,14,Wish you hell,Wendy,Fille,3,Solo,SM Entertainment,Single,Red Velvet
288,2019,14,Jopping,SuperM,Gars,4,Groupe,SM Entertainment,Main Track,
289,2015,14,Hero,Monsta X,Gars,3,Groupe,Starship Entertainment,Main Track,
290,2024,14,Dash,Nmixx,Fille,4,Groupe,JYP Entertainment,Main Track,
291,2019,14,Want,Taemin,Gars,2,Solo,SM Entertainment,Main Track,SHINee
292,2020,14,Naughty,Irene & Seulgi,Fille,3,Duo,SM Entertainment,B-side,Red Velvet
293,2016,14,Fire truck,NCT 127,Gars,4,Groupe,SM Entertainment,Main Track,NCT
294,2015,14,Daddy,Psy,Gars,2,Solo,YG Entertainment,Single,
295,2019,14,Violeta,Iz*one,Fille,4,Groupe,Off The Record Entertainment,Main Track,
296,2023,14,Tinnitus,TXT,Gars,4,Groupe,BigHit Entertainment,B-side,
297,2024,14,Na,Hwa Sa,Fille,3,Solo,RBW,Main Track,Mamamoo
298,2015,14,Chained up,VIXX,Gars,2,Groupe,Jellyfish Entertainment,Main Track,
299,2019,14,Gone days,Stray Kids,Gars,4,Groupe,JYP Entertainment,B-side,
300,2015,14,Me gustas tu,Gfriend,Fille,3,Groupe,Source Music,Main Track,
301,2024,14,Love and fear,Xdinary Heroes,Gars,4,Groupe,JYP Entertainment,Main Track,
302,2016,14,Stay,BlackPink,Fille,3,Groupe,YG Entertainment,B-side,
303,2017,14,The eve,Exo,Gars,3,Groupe,SM Entertainment,B-side,
304,2022,14,Darl+ing,Seventeen,Gars,3,Groupe,Pledis Entertainment,B-side,
305,2024,14,New women,Lisa & Rosalía,Fille,3,Duo,/Null/,Single,BlackPink
306,2014,14,Just one day,BTS,Gars,3,Groupe,BigHit Entertainment,B-side,
307,2024,14,Not okay,Ateez,Gars,4,Groupe,KQ Entertainment,Single,
308,2024,14,Justice,Dreamcatcher,Fille,3,Groupe,Dreamcatcher Company,Main Track,
309,2020,15,Spring,MCND,Gars,4,Groupe,TOP Media,Single,
310,2023,15,Eve. psyche & the bluebeard's wife,Le Sserafim,Fille,4,Groupe,Source Music,Single,
311,2023,15,Tricky house,Xikers,Gars,5,Groupe,KQ Entertainment,Main Track,
312,2019,15,Adios,Everglow,Fille,4,Groupe,Yuehua Entertainment,Main Track,
313,2023,15,Good so bad,Zerobaseone,Gars,5,Groupe,WAKEONE,Main Track,
314,2019,15,Sweet chaos,Day6,Gars,3,Groupe,JYP Entertainment,Main Track,
315,2019,15,Snapping,Chung Ha,Fille,3,Solo,MNH Entertainment,Main Track,
316,2018,15,Naughty boy,Pentagon,Gars,3,Groupe,CUBE Entertainment,Main Track,
317,2022,15,Smoothie,NCT Dream,Gars,4,Groupe,SM Entertainment,Single,NCT
318,2021,15,Paint the town,Loona,Fille,3,Groupe,BlockBerryCreative,Single,
319,2017,15,Energetic,Wanna one,Gars,3,Groupe,YMC Entertainment,Main Track,
320,2023,15,Bubble,StayC,Fille,4,Groupe,High Up Entertainment,Single,
321,2020,15,Movie,Kang Daniel,Gars,3,Groupe,KONNECT Entertainment,B-side,
322,2019,15,Voices,Stray Kids,Gars,4,Groupe,JYP Entertainment,Single,
323,2023,15,I ≠ DOLL,Huh Yunjin,Fille,4,Solo,Source Music,Single,Le Sserafim
324,2019,15,Blue flame,Astro,Gars,3,Groupe,Fantagio,Main Track,
325,2019,15,Rooftop,N.Flying,Gars,2,Groupe,FNC Entertainment,B-side,
326,2020,15,Aya,Mamamoo,Fille,2,Groupe,RBW,Single,
327,2023,15,Back to me,The Rose,Gars,3,Groupe,J&Star Entertainment,Single,
328,2021,15,Savage,Aespa,Fille,4,Groupe,SM Entertainment,Main Track,
329,2023,15,Sad song,P1Harmony,Gars,4,Groupe,FNC Entertainment,Main Track,
330,2020,15,Daechwita,Agust D,Gars,3,Solo,BigHit Entertainment,Single,BTS
331,2024,16,Wife,I-dle,Fille,4,Groupe,CUBE Entertainment,Single,
332,2020,16,I'm in trouble,Nu'est,Gars,2,Groupe,Pledis Entertainment,Main Track,
333,2017,16,Shall we dance,Block B,Gars,2,Groupe,Seven Seasons,Main Track,
334,2019,16,Noir,Sunmi,Fille,2,Solo,Makeus Entertainment,Single,
335,2017,16,The real,N.Flying,Gars,2,Groupe,FNC Entertainment,Main Track,
336,2024,16,Walk,NCT 127,Gars,4,Groupe,SM Entertainment,Main Track,NCT
337,2023,16,Cake,Itzy,Fille,4,Groupe,JYP Entertainment,Single,
338,2022,16,Why,ONF,Gars,3,Groupe,WM Entertainment,Main Track,
339,2018,16,Mamma mia,SF9,Gars,3,Groupe,FNC Entertainment,Main Track,
340,2023,16,Set me free,Twice,Fille,3,Groupe,JYP Entertainment,Single,
341,2024,16,Brought the heat back,Enhypen,Gars,4,Groupe,Belift Lab,B-side,
342,2022,16,Beautiful monster,StayC,Fille,4,Groupe,High Up Entertainment,Main Track,
343,2018,16,No air,The Boyz,Gars,4,Groupe,Cre.ker Entertainment,Main Track,
344,2020,16,Spring snow,Pentagon,Gars,3,Groupe,CUBE Entertainment,B-side,
345,2021,16,First,Everglow,Fille,4,Groupe,Yuehua Entertainment,Main Track,
346,2019,16,Boom,NCT Dream,Gars,4,Groupe,SM Entertainment,Main Track,NCT
347,2024,16,Impossible,Riize,Gars,5,Groupe,SM Entertainment,B-side,
348,2021,16,Dumb dumb,Jeon somi,Fille,3,Solo,The Black Label,B-side,
349,2018,16,Get cool,Stray Kids,Gars,4,Groupe,JYP Entertainment,B-side,
350,2023,16,Medusa,Just B,Gars,4,Groupe,Bluedot Entertainment,Single,
351,2022,16,Up!,Kep1er,Fille,4,Groupe,Wake One Entertainment,Single,
352,2018,16,Killing me,iKon,Gars,2,Groupe,YG Entertainment,Main Track,
353,2023,17,Love me like this,Nmixx,Fille,4,Groupe,JYP Entertainment,Main Track,
354,2022,17,2 Baddies,NCT 127,Gars,4,Groupe,SM Entertainment,Main Track,NCT
355,2023,17,Baila conmigo,Oneus,Gars,4,Groupe,RBW,Main Track,
356,2015,17,Crazy,4Minute,Fille,2,Groupe,CUBE Entertainment,Main Track,
357,2023,17,Freakin' bad,Xdinary Heroes,Gars,4,Groupe,JYP Entertainment,Main Track,
358,2023,17,Maniac,Viviz,Fille,4,Groupe,BPM Entertainment,Main Track,
359,2017,17,New face,Psy,Gars,2,Solo,YG Entertainment,Main Track,
360,2011,17,Mr. Simple,Super Junior,Gars,2,Groupe,SM Entertainment,Main Track,
361,2024,17,How sweet,NewJeans,Fille,4,Groupe,ADOR,Main Track,
362,2023,17,On and on,Ampers&one,Gars,5,Groupe,FNC Entertainment,Main Track,
363,2023,17,Killin'me good,Jihyo,Fille,3,Solo,JYP Entertainment,Main Track,Twice
364,2020,17,All in,Stray Kids,Gars,4,Groupe,JYP Entertainment,Main Track,
365,2014,17,Her,Block B,Gars,2,Groupe,Seven Seasons,Main Track,
366,2024,17,Klaxon,I-dle,Fille,4,Groupe,CUBE Entertainment,Main Track,
367,2018,17,We go up,NCT Dream,Gars,4,Groupe,SM Entertainment,Main Track,NCT
368,2011,17,Gee,Girls' Generation,Fille,2,Groupe,SM Entertainment,Single,
369,2022,17,Back down,P1Harmony,Gars,4,Groupe,FNC Entertainment,Main Track,
370,2015,17,Call me baby,Exo,Gars,3,Groupe,SM Entertainment,Main Track,
371,2023,17,Puppet show,XG,Fille,4,Groupe,XGALX,B-side,
372,2020,17,Tiger inside,SuperM,Gars,4,Groupe,SM Entertainment,B-side,
373,2024,17,Cosmic,Red Velvet,Fille,3,Groupe,SM Entertainment,Main Track,
374,2024,17,Ggum,Yeonjun,Gars,4,Solo,BigHit Entertainment,Single,TXT
375,2018,18,One,Samuel,Gars,3,Solo,Brave Entertainment,Main Track,
376,2009,18,Heartbeat,2PM,Gars,2,Groupe,JYP Entertainment,Main Track,
377,2016,18,Cheer up,Twice,Fille,3,Groupe,JYP Entertainment,Main Track,
378,2024,18,Flip that coin,The KingDom,Gars,5,Groupe,GF Entertainment,Main Track,
379,2017,18,Chase me,Dreamcatcher,Fille,3,Groupe,Dreamcatcher Company,Debut,
380,2024,18,Why?,Stray Kids,Gars,4,Groupe,JYP Entertainment,Single,
381,2020,18,Make a wish,NCT U,Gars,4,Groupe,SM Entertainment,Main Track,NCT
382,2022,18,Tomboy,I-dle,Fille,4,Groupe,CUBE Entertainment,Main Track,
383,2024,18,Nice guy,BoyNextDoor,Gars,5,Groupe,KOZ Entertainment,Main Track,
384,2023,18,Crush,Zerobaseone,Gars,5,Groupe,WAKEONE,Main Track,
385,2018,18,Bad boy,Red Velvet,Fille,3,Groupe,SM Entertainment,Main Track,
386,2024,18,Little things,Xdinary Heroes,Gars,4,Groupe,JYP Entertainment,Main Track,
387,2024,18,APT,Rosé & Bruno Mars,Mixte,3,Duo,/Null/,Single,
388,2017,18,Ko ko bop,Exo,Gars,3,Groupe,SM Entertainment,Main Track,
389,2023,18,Erase me,Oneus,Gars,4,Groupe,RBW,Main Track,
390,2020,18,Secret story of the swan,Iz*one,Fille,4,Groupe,Off The Record Entertainment,Main Track,
391,2018,18,Oh my!,Seventeen,Gars,3,Groupe,Pledis Entertainment,B-side,
392,2024,18,Lighthouse,Tempest,Gars,4,Groupe,Yuehua Entertainment,Main Track,
393,2023,18,Wicked love,Yena,Fille,4,Solo,Waterbomb,B-side,
394,2023,18,Boogie man,Lucy,Gars,4,Groupe,Mystic Story,Single,
395,2014,18,Come back home,2NE1,Fille,2,Groupe,YG Entertainment,Main Track,
396,2024,18,Trigger,The Boyz,Gars,4,Groupe,Cre.ker Entertainment,Main Track,
397,2023,19,Alive,The Rose,Gars,3,Groupe,J&Star Entertainment,B-side,
398,2022,19,Step back,GOT the beat,Fille,4,Groupe,SM Entertainment,Debut,
399,2020,19,Everlasting shine,TXT,Gars,4,Groupe,BigHit Entertainment,OST/Opening/Ending,
400,2019,19,Piri,Dreamcatcher,Fille,3,Groupe,Dreamcatcher Company,Main Track,
401,2020,19,Lupin,Dongkiz,Gars,4,Groupe,Dongyo,Single,
402,2019,19,Time of our life,Day6,Gars,3,Groupe,JYP Entertainment,Main Track,
403,2024,19,NemoNemo,Yena,Fille,4,Solo,Waterbomb,Main Track,
404,2023,19,Excel,8Turn,Gars,5,Groupe,MNH Entertainment,B-side,
405,2012,19,I wish,Ftisland,Gars,2,Groupe,FNC Entertainment,Main Track,
406,2024,19,TTYL,Loossemble,Fille,5,Groupe,CTDE&M,Main Track,
407,2020,19,Daisy,Pentagon,Gars,3,Groupe,CUBE Entertainment,Main Track,
408,2019,19,Valkyrie,Oneus,Gars,4,Groupe,RBW,Debut,
409,2018,19,Dance the night away,Twice,Fille,3,Groupe,JYP Entertainment,Main Track,
410,2024,19,Bittersweet,Xikers,Gars,5,Groupe,KQ Entertainment,B-side,
411,2020,19,Revolution,AleXa,Fille,4,Solo,ZB Label,Main Track,
412,2009,19,This love,BigBang,Gars,2,Groupe,YG Entertainment,Single,
413,2024,19,Boy comics,Xdinary Heroes,Gars,4,Groupe,JYP Entertainment,Main Track,
414,2018,19,I love you,Exid,Fille,2,Groupe,Banana Culture Entertainment,Single,
415,2024,19,No doubt,Enhypen,Gars,4,Groupe,Belift Lab,B-side,
416,2019,19,Lion,I-dle,Fille,4,Groupe,CUBE Entertainment,Single,
417,2024,19,Villain,Lucy,Gars,4,Groupe,Mystic Story,Main Track,
418,2020,19,Top,Stray Kids,Gars,4,Groupe,JYP Entertainment,OST/Opening/Ending,
419,2021,20,Happy death day,Xdinary Heroes,Gars,4,Groupe,JYP Entertainment,Debut,
420,2018,20,Siren,Sunmi,Fille,2,Solo,Makeus Entertainment,B-side,
421,2024,20,Liar,Bus,Gars,5,Groupe,TADA Labels,Single,
422,2015,20,Eoeo,Uniq,Gars,3,Groupe,YG Entertainment,Main Track,
423,2023,20,OODT,Dreamcatcher,Fille,3,Groupe,Dreamcatcher Company,Main Track,
424,2019,20,Breathe,AB6IX,Gars,4,Groupe,Brand New Music,Debut,
425,2021,20,After school,Weeekly,Fille,4,Groupe,Play M Entertainment,Main Track,
426,2023,20,Ru-pum pum,8Turn,Gars,5,Groupe,MNH Entertainment,Main Track,
427,2011,20,Love girl,Cnblue,Gars,2,Groupe,FNC Entertainment,B-side,
428,2022,20,Dice,Nmixx,Fille,4,Groupe,JYP Entertainment,Main Track,
429,2019,20,Flash,X1,Gars,4,Groupe,CJ ENM,Debut,
430,2017,20,Rollin',Brave Girls,Fille,3,Groupe,Brave Entertainment,Main Track,
431,2023,20,Ready or not,Cravity,Gars,4,Groupe,Starship Entertainment,Main Track,
432,2019,20,Bullet to the heart,Jackson Wang,Gars,3,Solo,Team Wang,Main Track,GOT7
433,2020,20,Why not?,Loona,Fille,3,Groupe,BlockBerryCreative,Main Track,
434,2022,20,When I'm with you,NCT Dream,Gars,4,Groupe,SM Entertainment,Main Track,NCT
435,2024,20,Giant,Stray Kids,Gars,4,Groupe,JYP Entertainment,Main Track,
436,2024,20,Run away,Tzuyu,Fille,3,Solo,JYP Entertainment,Main Track,Twice
437,2023,20,Drowning,Woodz,Gars,4,Groupe,Play M Entertainment,Main Track,
438,2020,20,More & more,Twice,Fille,3,Groupe,JYP Entertainment,Main Track,
439,2021,20,Hey Tayo,Enhypen,Gars,4,Groupe,Belift Lab,OST/Opening/Ending,
440,2019,20,Hit,Seventeen,Gars,3,Groupe,Pledis Entertainment,Single,
441,2023,21,One and only,BoyNextDoor,Gars,5,Groupe,KOZ Entertainment,B-side,
442,2022,21,Nxde,I-dle,Fille,4,Groupe,CUBE Entertainment,Main Track,
443,2020,21,Mmm,Treasure,Gars,4,Groupe,YG Entertainment,B-side,
444,2019,21,Middle of the night,Monsta X,Gars,3,Groupe,Starship Entertainment,B-side,
445,2017,21,Knock knock,Twice,Fille,3,Groupe,JYP Entertainment,Main Track,
446,2023,21,Spot!,Zico & Jennie,Mixte,3,Duo,/Null/,Single,Block B
447,2024,21,Railway,Bang Chan,Gars,4,Solo,JYP Entertainment,B-side,Stray Kids
448,2021,21,Don’t call me,SHINee,Gars,2,Groupe,SM Entertainment,Main Track,
449,2019,21,Fun!,Fromis_9,Fille,4,Groupe,ASND,Main Track,
450,2020,21,Siren,P1Harmony,Gars,4,Groupe,FNC Entertainment,Main Track,
451,2012,21,Rose,Lee Hi,Fille,3,Solo,AOMG,B-side,
452,2020,21,Ridin',NCT Dream,Gars,4,Groupe,SM Entertainment,Main Track,NCT
453,2024,21,Drip,BabyMonster,Fille,5,Groupe,YG Entertainment,Main Track,
454,2014,21,Can't stop,Cnblue,Gars,2,Groupe,FNC Entertainment,Main Track,
455,2022,21,Maison,Dreamcatcher,Fille,3,Groupe,Dreamcatcher Company,Main Track,
456,2023,21,Super bowl,Stray Kids,Gars,4,Groupe,JYP Entertainment,B-side,
457,2019,21,Twilight,Oneus,Gars,4,Groupe,RBW,Main Track,
458,2024,21,Virtual angel,ARTMS,Fille,5,Groupe,Modhaus,Debut,
459,2013,21,Growl,Exo,Gars,3,Groupe,SM Entertainment,Main Track,
460,2022,21,Run2U,StayC,Fille,4,Groupe,High Up Entertainment,Main Track,
461,2024,21,Night before the end,Xdinary Heroes,Gars,4,Groupe,JYP Entertainment,Main Track,
462,2023,21,Don't go insane,DPR IAN,Gars,3,Solo,Dream Perfect Regime,Main Track,
463,2024,22,Walkin on water,Stray Kids,Gars,4,Groupe,JYP Entertainment,Main Track,
464,2020,22,Sahara,Dreamcatcher,Fille,3,Groupe,Dreamcatcher Company,B-side,
465,2023,22,Feel the pop,Zerobaseone,Gars,5,Groupe,WAKEONE,Main Track,
466,2018,22,Airplane mode,Noir,Gars,3,Groupe,LUK Factory,Main Track,
467,2024,22,Whiplash,Aespa,Fille,4,Groupe,SM Entertainment,Main Track,
468,2020,22,Pretty please,Jackson Wang & Galantis,Gars,3,Duo,/Null/,Single,Got7
469,2011,22,Hot summer,f(x),Fille,2,Groupe,SM Entertainment,Main Track,
470,2023,22,Shadow,Seventeen,Gars,3,Groupe,Pledis Entertainment,B-side,
471,2017,22,Don't recall,KARD,Mixte,3,Groupe,DSP Media,B-side,
472,2021,22,Kazino,Bibi,Fille,4,Solo,88rising,Single,
473,2017,22,Wake me up,B.A.P,Gars,2,Groupe,TS Entertainment,Single,
474,2021,22,Alcohol-Free,Twice,Fille,3,Groupe,JYP Entertainment,Main Track,
475,2023,22,Ugly,Evnne,Gars,5,Groupe,Jellyfish Entertainment,Main Track,
476,2008,22,Haru haru,BigBang,Gars,2,Groupe,YG Entertainment,B-side,
477,2022,22,Smartphone,Yena,Fille,4,Solo,Waterbomb,Main Track,
478,2020,22,Boy,Treasure,Gars,4,Groupe,YG Entertainment,Debut,
479,2023,22,Shooting star,Kep1er,Fille,4,Groupe,Wake One Entertainment,Main Track,
480,2022,22,Test me,Xdinary Heroes,Gars,4,Groupe,JYP Entertainment,Main Track,
481,2019,22,Savage,A.C.E,Gars,3,Groupe,Beat Interactive,Main Track,
482,2024,22,Mantra,Jennie,Fille,3,Solo,YG Entertainment,Single,BlackPink
483,2023,22,Watch it,The Boyz,Gars,4,Groupe,Cre.ker Entertainment,Main Track,
484,2024,22,Youth,Lee Know,Gars,4,Solo,JYP Entertainment,B-side,Stray Kids
485,2018,23,Love bomb,Fromis_9,Fille,4,Groupe,ASND,Main Track,
486,2024,23,Ultra,Changbin,Gars,4,Solo,JYP Entertainment,B-side,Stray Kids
487,2023,23,Good enough,Xdinary Heroes,Gars,4,Groupe,JYP Entertainment,B-side,
488,2016,23,TT,Twice,Fille,3,Groupe,JYP Entertainment,Main Track,
489,2025,23,Escape,Stray Kids,Gars,4,Groupe,JYP Entertainment,Single,
490,2014,23,Something,Girl's Day,Fille,2,Groupe,Dream T Entertainment,Main Track,
491,2024,23,Ice on my teeth,Ateez,Gars,4,Groupe,KQ Entertainment,Main Track,
492,2013,23,I'm sorry,Cnblue,Gars,2,Groupe,FNC Entertainment,B-side,
493,2024,23,Girls never die,TripleS,Fille,5,Groupe,MODHAUS,Main Track,
494,2018,23,Blue rose,Up10tion,Gars,3,Groupe,TOP Media,Main Track,
495,2021,23,Gone,Rosé,Fille,3,Solo,YG Entertainment,Single,BlackPink
496,2018,23,Upside down,Bigflo,Gars,3,Groupe,HO Company,Single,
497,2024,23,Jackpot,Vanner,Gars,4,Groupe,KLAP Entertainment,Main Track,
498,2019,23,Butterfly,Loona,Fille,3,Groupe,BlockBerryCreative,Main Track,
499,2023,23,Macarena,Blitzers,Gars,4,Groupe,WUZO Entertainment,Single,
500,2024,23,Igloo,Kiss of life,Fille,5,Groupe,S2 Entertainment,B-side,
501,2021,23,Mixtape : Oh,Stray Kids,Gars,4,Groupe,JYP Entertainment,Single,
502,2023,23,I like the way,Kim Woojin,Gars,4,Solo,10x Entertainment,Main Track,
503,2018,23,Stary night,Mamamoo,Fille,2,Groupe,RBW,Main Track,
504,2011,23,Fiction,Beast,Gars,2,Groupe,Highlight,Main Track,
505,2023,23,Reason,Dreamcatcher,Fille,3,Groupe,Dreamcatcher Company,Single,
506,2024,23,Power,G-Dragon,Gars,2,Solo,YG Entertainment,Single,BigBang
507,2019,24,Regulus,Onewe,Gars,3,Groupe,RBW,Single,
508,2022,24,Smiley,Yena,Fille,4,Solo,Waterbomb,Debut,
509,2021,24,Frost,TXT,Gars,4,Groupe,BigHit Entertainment,B-side,
510,2014,24,Happiness,Red Velvet,Fille,3,Groupe,SM Entertainment,Debut,
511,2025,24,Burnin' tires,Changbin & I.N,Gars,4,Duo,JYP Entertainment,Single,Stray Kids
512,2021,24,My treasure,Treasure,Gars,4,Groupe,YG Entertainment,Main Track,
513,2024,24,Gold,Itzy,Fille,4,Groupe,JYP Entertainment,Main Track,
514,2018,24,My flower,JBJ,Gars,3,Groupe,Fave Entertainment,B-side,
515,2012,24,I love you,2NE1,Fille,2,Groupe,YG Entertainment,Single,
516,2020,24,100 ways,Jackson Wang,Gars,3,Solo,Team Wang,Single,GOT7
517,2024,24,Love money fame,Seventeen,Gars,3,Groupe,Pledis Entertainment,Main Track,
518,2023,24,Rising,TripleS,Fille,5,Groupe,MODHAUS,B-side,
519,2024,24,Pineapple slice,Baekhyun,Gars,3,Solo,SM Entertainment,Main Track,EXO
520,2010,24,I my me mine,4Minute,Fille,2,Groupe,CUBE Entertainment,B-side,
521,2022,24,Candy sugar pop,Astro,Gars,3,Groupe,Fantagio,Main Track,
522,2020,24,Any,Stray Kids,Gars,4,Groupe,JYP Entertainment,B-side,
523,2024,24,Tick-tack,Illit,Fille,4,Groupe,BELIFT LAB,Main Track,
524,2017,24,Sorry,The Rose,Gars,3,Groupe,J&Star Entertainment,B-side,
525,2022,24,Zoom,Jessi,Fille,3,Solo,P Nation,Single,
526,2021,24,Hello future,NCT Dream,Gars,4,Groupe,SM Entertainment,Main Track,NCT
527,2024,24,So good,Hyunjin,Gars,4,Solo,JYP Entertainment,B-side,Stray Kids
528,2023,24,Cake,KARD,Mixte,3,Groupe,DSP Media,B-side,
529,2024,25,Beatiful maze,Drippin,Gars,4,Groupe,Woollim Entertainment,Single,
530,2021,25,Pirate,Everglow,Fille,4,Groupe,Yuehua Entertainment,Main Track,
531,2025,25,Cinema,Lee Know & Seungmin,Gars,4,Duo,JYP Entertainment,Single,Stray Kids
532,2022,25,Blow,Jackson Wang,Gars,3,Solo,Team Wang,Main Track,GOT7
533,2025,25,Gnarly,Katseye,Fille,5,Groupe,Hybe,Main Track,
534,2024,25,Eyes on you,Seventeen,Gars,3,Groupe,Pledis Entertainment,B-side,
535,2012,25,Lovey-Dovey,T-Ara,Fille,2,Groupe,MBK Entertainment,Main Track,
536,2023,25,Perfume,NCT DoJaeJung,Gars,4,Groupe,SM Entertainment,Debut,NCT
537,2024,25,Hold my hand,Han,Gars,4,Solo,JYP Entertainment,B-side,Stray Kids
538,2018,25,Yes or yes,Twice,Fille,3,Groupe,JYP Entertainment,Main Track,
539,2016,25,Toy,Block B,Gars,2,Groupe,Seven Seasons,Main Track,
540,2022,25,Athletic girl,H1-Key,Fille,4,Groupe,GrandLine Group,Debut,
541,2019,25,All night,Astro,Gars,3,Groupe,Fantagio,Main Track,
542,2023,25,DLC,Stray Kids,Gars,4,Groupe,JYP Entertainment,B-side,
543,2010,25,Oh!,Girls' Generation,Fille,2,Groupe,SM Entertainment,Main Track,
544,2024,25,Tap,Taeyong,Gars,4,Solo,SM Entertainment,Main Track,NCT
545,2020,25,Monster,Irene & Seulgi,Fille,3,Duo,SM Entertainment,Main Track,Red Velvet
546,2025,25,I feel good,BoyNextDoor,Gars,5,Groupe,KOZ Entertainment,Main Track,
547,2017,25,Missing you,BTOB,Gars,3,Groupe,CUBE Entertainment,Main Track,
548,2021,25,Stereotype,StayC,Fille,4,Groupe,High Up Entertainment,Main Track,
549,2014,25,200%,Akmu,Mixte,3,Duo,YG Entertainment,Debut,
550,2024,25,Freak,Yuqi,Fille,4,Solo,CUBE Entertainment,Main Track,(G)I-dle
551,2024,26,Unfair,Felix,Gars,4,Solo,JYP Entertainment,B-side,Stray Kids
552,2016,26,Oh nana,KARD,Mixte,3,Groupe,DSP Media,B-side,
553,2021,26,The feels,Twice,Fille,3,Groupe,JYP Entertainment,Main Track,
554,2022,26,Do it like this,P1Harmony,Gars,4,Groupe,FNC Entertainment,Main Track,
555,2021,26,Surfin',Stray Kids,Gars,4,Groupe,JYP Entertainment,B-side,
556,2024,26,BBB,Purple Kiss,Fille,4,Groupe,RBW,Main Track,
557,2021,26,The real,Ateez,Gars,4,Groupe,KQ Entertainment,B-side,
558,2023,26,Untie,Viviz,Fille,4,Groupe,BPM Entertainment,B-side,
559,2014,26,Some,SoYou & JunggiGo,Mixte,2,Duo,/Null/,Single,
560,2022,26,Echo,The Boyz,Gars,4,Groupe,Cre.ker Entertainment,OST/Opening/Ending,
561,2025,26,Stress,Chung Ha,Fille,3,Solo,MNH Entertainment,Main Track,
562,2020,26,Ice age,MCND,Gars,4,Groupe,TOP Media,Main Track,
563,2015,26,Heart Attack,AOA,Fille,3,Groupe,FNC Entertainment,Main Track,
564,2024,26,Shock,All(h)ours,Gars,5,Groupe,EDEN Entertainment,Main Track,
565,2017,26,Move,Taemin,Gars,2,Solo,SM Entertainment,Main Track,SHINee
566,2025,26,Billionaire,BabyMonster,Fille,5,Groupe,YG Entertainment,B-side,
567,2010,26,Bonamana,Super Junior,Gars,2,Groupe,SM Entertainment,Main Track,
568,2025,26,Like Jennie,Jennie,Fille,3,Solo,YG Entertainment,Single,BlackPink
569,2024,26,Love 119,Riize,Gars,5,Groupe,SM Entertainment,Single,
570,2025,26,Truman,Han & Felix,Gars,4,Duo,JYP Entertainment,Single,Stray Kids
571,2018,26,I'm so sick,Apink,Fille,2,Groupe,IST Entertainment,Main Track,
572,2015,26,Rhythm Ta,iKon,Gars,2,Groupe,YG Entertainment,Single,
573,2024,27,Welcome to the show,Day6,Gars,3,Groupe,JYP Entertainment,Main Track,
574,2025,27,Season of memories,Gfriend,Fille,3,Groupe,Source Music,Single,
575,2022,27,Blessed-cursed,Enhypen,Gars,4,Groupe,Belift Lab,B-side,
576,2015,27,4 Walls,f(x),Fille,2,Groupe,SM Entertainment,Main Track,
577,2021,27,Still dream,Kim Woojin,Gars,4,Solo,10x Entertainment,Pre-debut,
578,2018,27,I am YOU,Stray Kids,Gars,4,Groupe,JYP Entertainment,Main Track,
579,2025,27,Hot,Le Sserafim,Fille,4,Groupe,Source Music,Main Track,
580,2020,27,The stealer,The Boyz,Gars,4,Groupe,Cre.ker Entertainment,Main Track,
581,2024,27,Meow,Meovv,Fille,5,Groupe,The Black Label,Debut,
582,2000,27,Only one,Shinhwa,Gars,1,Groupe,Shinhwa compagny,Main Track,
583,2024,27,As we are,Seungmin,Gars,4,Groupe,JYP Entertainment,B-side,Stray Kids
584,2016,27,Russian roulette,Red Velvet,Fille,3,Groupe,SM Entertainment,Main Track,
585,2025,27,Mama said,KickFlip,Gars,5,Groupe,JYP Entertainment,Debut,
586,2024,27,Sticky,Kiss of life,Fille,5,Groupe,S2 Entertainment,Single,
587,2023,27,Madness,Moonbin & Sanha,Gars,4,Duo,Fantagio,Main Track,Astro
588,2025,27,Doctor! Doctor!,Zerobaseone,Gars,5,Groupe,WAKEONE,Main Track,
589,2024,27,Toxic till the end,Rosé,Fille,3,Solo,YG Entertainment,Single,BlackPink
590,2022,27,Move,TNX,Gars,4,Groupe,P Nation,B-side,
591,2018,27,Egotistic,Mamamoo,Fille,2,Groupe,RBW,Single,
592,2025,27,Love language,TXT,Gars,4,Groupe,BigHit Entertainment,Single,
593,2019,27,Poison,VAV,Gars,3,Groupe,A Team Entertainment,Main Track,
594,2011,27,We were in love,T-Ara,Fille,2,Groupe,MBK Entertainment,B-side,
595,2016,28,Hold me tight,BTS,Gars,3,Groupe,BigHit Entertainment,B-side,
596,2022,28,Lonely St.,Stray Kids,Gars,4,Groupe,JYP Entertainment,B-side,
597,2024,28,Touch,Katseye,Fille,5,Groupe,Hybe,Main Track,
598,2023,28,Hard,SHINee,Gars,2,Groupe,SM Entertainment,Main Track,
599,2022,28,memeM,Purple Kiss,Fille,4,Groupe,RBW,Main Track,
600,2015,28,Sober,BigBang,Gars,2,Groupe,YG Entertainment,Single,
601,2023,28,Shoong!,Taeyang & Lisa,Mixte,2,Duo,YG Entertainment,B-side,
602,2020,28,Nonstop,Oh my girl,Fille,3,Groupe,WM Entertainment,Main Track,
603,2018,28,Now or never,SF9,Gars,3,Groupe,FNC Entertainment,Main Track,
604,2022,28,INVU,Taeyeon,Fille,2,Solo,SM Entertainment,Main Track,Girls' Generation
605,2012,28,Beautiful night,Beast,Gars,2,Groupe,Highlight,B-side,
606,2024,28,Over the moon,TXT,Gars,4,Groupe,BigHit Entertainment,Main Track,
607,2025,28,Bebe,StayC,Fille,4,Groupe,High Up Entertainment,Main Track,
608,2022,28,coNEXTion,NCT U,Gars,4,Groupe,SM Entertainment,Single,NCT
609,2025,28,Attitude,Ive,Fille,4,Groupe,Starship Entertainment,B-side,
610,2024,28,Hallucination,I.N,Gars,4,Solo,JYP Entertainment,B-side,Stray Kids
611,2014,28,Girls girls girls,Got7,Gars,3,Groupe,JYP Entertainment,Debut,
612,2022,28,Ven para,Weeekly,Fille,4,Groupe,Play M Entertainment,Single,
613,2025,28,1999,Mark,Gars,4,Solo,SM Entertainment,Main Track,NCT
614,2017,28,Signal,Twice,Fille,3,Groupe,JYP Entertainment,Main Track,
615,2019,28,Wannabe,Golden child,Gars,4,Groupe,Woollim Entertainment,Main Track,
616,2016,28,I'll be your man,BTOB,Gars,3,Groupe,CUBE Entertainment,Main Track,
617,2024,29,Strategy,Twice,Fille,3,Groupe,JYP Entertainment,Main Track,
618,2021,29,Advice,Taemin,Gars,2,Solo,SM Entertainment,Main Track,SHINee
619,2011,29,Roly poly,T-Ara,Fille,2,Groupe,MBK Entertainment,Main Track,
620,2025,29,Beatiful life,Xdinary Heroes,Gars,4,Groupe,JYP Entertainment,Main Track,
621,2018,29,Pirate king,Ateez,Gars,4,Groupe,KQ Entertainment,Main Track,
622,2017,29,Palette,IU & G-Dragon,Mixte,2,Duo,/Null/,Main Track,IU
623,2016,29,The 7th sense,NCT U,Gars,4,Groupe,SM Entertainment,Debut,NCT
624,2024,29,Shhh,Viviz,Fille,4,Groupe,BPM Entertainment,Main Track,
625,2025,29,If I say I love you,BoyNextDoor,Gars,5,Groupe,KOZ Entertainment,Single,
626,2020,29,Love killa,Monsta X,Gars,3,Groupe,Starship Entertainment,Main Track,
627,2024,29,Cherish (my love),Illit,Fille,4,Groupe,BELIFT LAB,Main Track,
628,2020,29,Easy,Stray Kids,Gars,4,Groupe,JYP Entertainment,B-side,
629,2010,29,Abracadabra,Brown eyed girls,Fille,2,Groupe,NegaNetwork,Main Track,
630,2022,29,Ascension,The KingDom,Gars,5,Groupe,GF Entertainment,Main Track,
631,2014,29,Good boy,G-Dragon & Taeyang,Gars,2,Duo,YG Entertainment,Main Track,BigBang
632,2018,29,Woman,BOA,Fille,1,Groupe,SM Entertainment,Main Track,
633,2025,29,Thunder,Seventeen,Gars,3,Groupe,Pledis Entertainment,Main Track,
634,2024,29,Derre,Bibi,Fille,4,Solo,88rising,B-side,
635,2020,29,Love me harder,Woodz,Gars,4,Groupe,Play M Entertainment,Main Track,
636,2024,29,Last night,Treasure,Gars,4,Groupe,YG Entertainment,Single,
637,2023,29,Bon voyage,Dreamcatcher,Fille,3,Groupe,Dreamcatcher Company,Main Track,
638,2025,29,Python,Got7,Gars,3,Groupe,JYP Entertainment,Main Track,
639,2022,30,Dilemma,Apink,Fille,2,Groupe,IST Entertainment,Main Track,
640,2013,30,Shadow,Beast,Gars,2,Groupe,Highlight,Main Track,
641,2020,30,Stay tonight,Chung Ha,Fille,3,Solo,MNH Entertainment,Main Track,
642,2017,30,I wait,Day6,Gars,3,Groupe,JYP Entertainment,Main Track,
643,2025,30,Hot mess,Evnne,Gars,5,Groupe,Jellyfish Entertainment,Main Track,
644,2024,30,Supersonic,Fromis_9,Fille,4,Groupe,ASND,Main Track,
645,2021,30,Ra pam pam,Golden child,Gars,4,Groupe,Woollim Entertainment,B-side,
646,2011,30,Bubble pop!,Hyuna,Fille,2,Solo,P Nation,Single,
647,2017,30,Bling bling,iKon,Gars,2,Groupe,YG Entertainment,Single,
648,2020,30,Red moon,KARD,Mixte,3,Groupe,DSP Media,Main Track,
649,2025,30,Born again,Lisa ft. Doja cat & Raye,Fille,3,Duo,/Null/,Single,BlackPink
650,2021,30,Movin',MCND,Gars,4,Groupe,TOP Media,Main Track,
651,2025,30,Know about me,Nmixx,Fille,4,Groupe,JYP Entertainment,Single,
652,2021,30,Luna,Oneus,Gars,4,Groupe,RBW,Main Track,
653,2023,30,Sweet juice,Purple Kiss,Fille,4,Groupe,RBW,Main Track,
654,2015,30,Dumb dumb,Red Velvet,Fille,3,Groupe,SM Entertainment,Single,
655,2021,30,Maknae on top,Stray Kids,Gars,4,Groupe,JYP Entertainment,Single,
656,2023,30,Hare hare,Twice,Fille,3,Groupe,JYP Entertainment,B-side,
657,2022,30,Crazy about you,Up10tion,Gars,3,Groupe,TOP Media,Main Track,
658,2018,30,Senorita,VAV,Gars,3,Groupe,A Team Entertainment,B-side,
659,2024,30,Woke up,XG,Fille,4,Groupe,XGALX,Single,
660,2020,30,Any song,Zico,Gars,2,Solo,KOZ Entertainment,Single,Block B
661,2024,31,Up,Karina,Fille,4,Solo,SM Entertainment,Single,Aespa
662,2015,31,My house,2PM,Gars,2,Groupe,JYP Entertainment,Single,
663,2019,31,Under cover,A.C.E,Gars,3,Groupe,Beat Interactive,Single,
664,2025,31,Earthquake,Jisoo,Fille,3,Solo,YG Entertainment,Single,BlackPink
665,2024,31,Love or die,Cravity,Gars,4,Groupe,Starship Entertainment,Main Track,
666,2019,31,Feel special,Twice,Fille,3,Groupe,JYP Entertainment,Main Track,
667,2021,31,We do,SuperM,Gars,4,Groupe,SM Entertainment,Single,
668,2010,31,I'm a loner,Cnblue,Gars,2,Groupe,FNC Entertainment,Main Track,
669,2018,31,Bbibbi,IU,Fille,2,Solo,EDAM Entertainment,Single,
670,2020,31,90's love,NCT U,Gars,4,Groupe,SM Entertainment,Main Track,NCT
671,2025,31,Air,Yeji,Fille,4,Solo,Starship Entertainment,Single,Itzy
672,2017,31,Crazy sexy cool,Astro,Gars,3,Groupe,Fantagio,Main Track,
673,2023,31,Teddy bear,StayC,Fille,4,Groupe,High Up Entertainment,Single,
674,2025,31,Hollow,Stray Kids,Gars,4,Groupe,JYP Entertainment,Main Track,
675,2023,31,Love lee,Akmu,Mixte,3,Duo,YG Entertainment,Single,
676,2018,31,Jealousy,Monsta X,Gars,3,Groupe,Starship Entertainment,Main Track,
677,2022,31,Cookie,NewJeans,Fille,4,Groupe,ADOR,B-side,
678,2018,31,Best of me,BTS,Gars,3,Groupe,BigHit Entertainment,B-side,
679,2012,31,This is war,MBLAQ,Gars,2,Groupe,J Tune Camp,Single,
680,2025,31,Rebel heart,Ive,Fille,4,Groupe,Starship Entertainment,Main Track,
681,2024,31,I'll be there,Jin,Gars,3,Solo,BigHit Entertainment,Single,BTS
682,2025,31,I do me,KiiiKiii,Fille,5,Groupe,Starship Entertainment,Main Track,
683,2024,32,We don't stop,Xikers,Gars,5,Groupe,KQ Entertainment,Main Track,
684,2025,32,Yellow,Treasure,Gars,4,Groupe,YG Entertainment,Main Track,
685,2024,32,Letter to myself,Taeyeon,Fille,2,Solo,SM Entertainment,Single,Girls' Generation
686,2025,32,Duh!,P1Harmony,Gars,4,Groupe,FNC Entertainment,Main Track,
687,2014,32,Up&Down,Exid,Fille,2,Groupe,Banana Culture Entertainment,Single,
688,2023,32,Hall of fame,Stray Kids,Gars,4,Groupe,JYP Entertainment,B-side,
689,2020,32,Not by the moon,Got7,Gars,3,Groupe,JYP Entertainment,Main Track,
690,2015,32,Lion heart,Girls' Generation,Fille,2,Groupe,SM Entertainment,Main Track,
691,2025,32,Mona Lisa,J-Hope,Gars,3,Solo,BigHit Entertainment,Single,BTS
692,2021,32,Tiki taka,T-Ara,Fille,2,Groupe,MBK Entertainment,Main Track,
693,2018,32,Right here,The Boyz,Gars,4,Groupe,Cre.ker Entertainment,Main Track,
694,2002,32,Perfect man,Shinhwa,Gars,1,Groupe,Shinhwa compagny,Main Track,
695,2025,32,Girls will be girls,Itzy,Fille,4,Groupe,JYP Entertainment,Single,
696,2019,32,Thrilla killa,VAV,Gars,3,Groupe,A Team Entertainment,Main Track,
697,2024,32,Moonlit floor,Lisa,Fille,3,Solo,YG Entertainment,Single,BlackPink
698,2020,32,Work hard,DKB,Gars,4,Groupe,Brave Entertainment,Main Track,
699,2021,32,BEcause,Dreamcatcher,Fille,3,Groupe,Dreamcatcher Company,Main Track,
700,2025,32,Blue,Zerobaseone,Gars,5,Groupe,WAKEONE,Main Track,
701,2019,32,Bomb bomb,KARD,Mixte,3,Groupe,DSP Media,Main Track,
702,2021,32,Fireworks (I'm the one),Ateez,Gars,4,Groupe,KQ Entertainment,Main Track,
703,2025,32,Good things,I-dle,Fille,4,Groupe,CUBE Entertainment,Main Track,
704,2023,32,Vibe,Taeyang & Jimin,Gars,2,Duo,/Null/,Main Track,BigBang
705,2033,33,Umm great,Kickflip,TEST,TEST,TEST,TEST,Main Track,
706,2033,33,Izna,Izna,TEST,TEST,TEST,TEST,Main Track,
707,2033,33,Shangri-la,Vixx,TEST,TEST,TEST,TEST,Single,
708,2033,33,Chiquita,Rocket Punch,TEST,TEST,TEST,TEST,Main Track,
709,2033,33,Comflex,Stray Kids,Gars,4,Groupe,JYP Entertainment,B-side,
710,2033,33,Chewing gum,NCT Dream,Gars,4,Groupe,SM Entertainment,Debut,NCT
711,2033,33,I will show you,Ailee,TEST,TEST,TEST,TEST,Main Track,
712,2033,33,Bad desire (With or without you),Enhypen,Gars,4,Groupe,Belift Lab,Main Track,
713,2033,33,Love in my heart,BabyMonster,Fille,5,Groupe,YG Entertainment,B-side,
714,2033,33,Fxxk it,BigBang,Gars,2,Groupe,YG Entertainment,Single,
715,2033,33,Say yes,Punch & Loco,TEST,TEST,TEST,TEST,Single,
716,2033,33,Shoot out,Monsta X,Gars,3,Groupe,Starship Entertainment,Main Track,
717,2033,33,La la love me,Viviz,Fille,4,Groupe,BPM Entertainment,Main Track,
718,2033,33,Just another girl,Kim Jae-Joong,TEST,TEST,TEST,TEST,Main Track,
719,2033,33,Not shy,Itzy,Fille,4,Groupe,JYP Entertainment,Main Track,
720,2033,33,Wait on me,Kai,Gars,3,Solo,SM Entertainment,Main Track,EXO
721,2033,33,Nanana,Got7,Gars,3,Groupe,JYP Entertainment,Main Track,
722,2033,33,Dirty work,Aespa,Fille,4,Groupe,SM Entertainment,Single,
723,2033,33,1 of 9,Younite,TEST,TEST,TEST,TEST,Main Track,
724,2033,33,Lonely,2NE1,TEST,TEST,TEST,TEST,B-side,
725,2033,33,Lemon drop,Ateez,Gars,4,Groupe,KQ Entertainment,Main Track,
726,2033,33,Instagram,Dean,TEST,TEST,TEST,TEST,Single,
